1;4827820;Plaza 2 de Mayo;31035122;31035142;102;8;0.0389729;70;6;1000000;-12.0459308;-77.0427831;-12.0460958;-77.0430896
2;4827820;Plaza 2 de Mayo;31035142;31035109;102;2;0.0040401;70;1;1000000;-12.0460958;-77.0430896;-12.0461253;-77.0431113
3;4827820;Plaza 2 de Mayo;31035109;31035110;102;3;0.0182271;70;3;1000000;-12.0461253;-77.0431113;-12.0462768;-77.0431753
4;4827827;Alfonso Ugarte;31035113;915282067;10;5;0.114548;70;17;1000000;-12.0466783;-77.0430483;-12.0476133;-77.0427867
5;4827827;Alfonso Ugarte;915282067;1830379614;10;23;0.0635568;70;10;1000000;-12.0476133;-77.0427867;-12.0481839;-77.0427525
6;4827827;Alfonso Ugarte;1830379614;1834904133;10;25;0.1010591;70;15;1000000;-12.0481839;-77.0427525;-12.0490875;-77.0426528
7;4827827;Alfonso Ugarte;1834904133;1834904233;10;15;0.1550278;70;23;1000000;-12.0490875;-77.0426528;-12.0504785;-77.0425563
8;4827843;Plaza Francisco Bolognesi;2053915269;107774936;103;42;0.0142102;70;3;1000000;-12.0596939;-77.0415471;-12.0597048;-77.0416773
9;4827843;Plaza Francisco Bolognesi;107774936;107774938;103;6;0.0117283;70;2;1000000;-12.0597048;-77.0416773;-12.0597402;-77.0417789
10;4827843;Plaza Francisco Bolognesi;107774938;107774940;103;91;0.0419663;70;6;1000000;-12.0597402;-77.0417789;-12.0600042;-77.0420464
11;4827843;Plaza Francisco Bolognesi;107774940;107774941;103;61;0.0151546;70;3;1000000;-12.0600042;-77.0420464;-12.0601274;-77.042106
12;4827843;Plaza Francisco Bolognesi;107774941;309998790;103;40;0.0537185;70;8;1000000;-12.0601274;-77.042106;-12.060592;-77.0419873
13;4827849;Vicente Morales Duarez;31035185;31035188;104;94;0.1175823;40;30;0.0029396;-12.0401117;-77.0432537;-12.0391213;-77.0432921
14;4827849;Vicente Morales Duarez;31035188;31035189;104;99;0.0501762;40;13;0.0012544;-12.0391213;-77.0432921;-12.0391632;-77.0437515
15;4827849;Vicente Morales Duarez;31035189;31035190;104;46;0.1810788;40;46;0.004527;-12.0391632;-77.0437515;-12.0392703;-77.045413
16;4827860;Circunvalacion;31035237;31035238;105;96;0.0654825;50;14;0.0013096;-12.0376999;-77.0429004;-12.0376438;-77.042301
17;4827860;Circunvalacion;31035238;31035239;105;35;0.0551753;50;12;0.0011035;-12.0376438;-77.042301;-12.037488;-77.0418193
18;4827860;Circunvalacion;31035239;31035234;105;77;0.04932;50;10;0.0009864;-12.037488;-77.0418193;-12.0373416;-77.0413912
19;4827863;Avenida  Caqueta;31035180;31035230;35;84;0.0440851;70;7;1000000;-12.0385665;-77.0433857;-12.0381727;-77.0434326
20;4827863;Avenida  Caqueta;31035230;31035266;35;30;0.0958706;70;14;1000000;-12.0381727;-77.0434326;-12.0373115;-77.043417
21;4827863;Avenida  Caqueta;31035266;331611056;35;41;0.0494525;70;8;1000000;-12.0373115;-77.043417;-12.0368677;-77.0434465
22;4827876;Avenida Zarumilla;1379446748;31035457;71;39;0.2833007;30;95;1000000;-12.0362113;-77.0462802;-12.0376028;-77.044098
23;4827876;Avenida Zarumilla;31035623;1379446748;71;79;0.102389;30;35;1000000;-12.0357359;-77.0470859;-12.0362113;-77.0462802
24;4827876;Avenida Zarumilla;31035457;1379446792;71;86;0.0547996;30;19;1000000;-12.0376028;-77.044098;-12.0379401;-77.0437464
25;4827894;Avenida  Tupac Amaru;599283678;1156771011;99;66;0.0527472;70;8;1000000;-11.8988049;-77.0303464;-11.8992698;-77.030441
26;4827894;Avenida  Tupac Amaru;1617117594;1814939611;99;96;0.0353346;70;6;1000000;-11.8669587;-77.0114993;-11.8671981;-77.0117102
27;4827894;Avenida  Tupac Amaru;1814939611;1814939697;99;12;0.100234;70;15;1000000;-11.8671981;-77.0117102;-11.8679356;-77.0122398
28;4827894;Avenida  Tupac Amaru;1814939697;1814939808;99;102;0.1259313;70;18;1000000;-11.8679356;-77.0122398;-11.8688702;-77.0128934
29;4827894;Avenida  Tupac Amaru;1814939808;599286836;99;44;0.1322806;70;19;1000000;-11.8688702;-77.0128934;-11.8698551;-77.0135752
30;4827894;Avenida  Tupac Amaru;599286836;1814939998;99;82;0.1275293;70;19;1000000;-11.8698551;-77.0135752;-11.8708533;-77.0141523
31;4828013;Avenida  Argentina;1850885639;1273679444;30;66;0.140344;60;24;1000000;-12.0442446;-77.0522917;-12.0443726;-77.0535756
32;4828013;Avenida  Argentina;1273679444;1273746764;30;57;0.1405491;60;24;1000000;-12.0443726;-77.0535756;-12.0444909;-77.0548623
33;4828013;Avenida  Argentina;1273746764;902279651;30;50;0.1422831;60;24;1000000;-12.0444909;-77.0548623;-12.0445991;-77.056166
34;4828352;Avenida  Enrique Fermi;2470149843;817301977;85;68;0.0133035;60;3;1000000;-12.011073;-77.0565646;-12.0111564;-77.0566523
35;4828352;Avenida  Enrique Fermi;817301977;827135455;85;40;0.1472911;60;25;1000000;-12.0111564;-77.0566523;-12.0120635;-77.0576392
36;4828405;Avenida Franciso Bolognesi;1844351683;31040287;45;54;0.0358881;60;6;1000000;-12.0044002;-77.0615773;-12.0043119;-77.0612641
37;4828405;Avenida Franciso Bolognesi;31040287;842907737;45;26;0.1774499;60;30;1000000;-12.0043119;-77.0612641;-12.0040881;-77.0596487
38;4828405;Avenida Franciso Bolognesi;842907737;842907739;45;35;0.0384521;60;7;1000000;-12.0040881;-77.0596487;-12.0040393;-77.0592987
39;4828405;Avenida Franciso Bolognesi;842907739;842907738;45;79;0.0483497;60;9;1000000;-12.0040393;-77.0592987;-12.003978;-77.0588586
40;4828411;Avenida Industrial;842510813;827153172;48;4;0.053149;40;14;1000000;-12.0032361;-77.0575282;-12.0027642;-77.0576059
41;4828411;Avenida Industrial;827153172;827153164;48;84;0.0502825;40;13;1000000;-12.0027642;-77.0576059;-12.0023155;-77.0576576
42;4828411;Avenida Industrial;827153164;842510801;48;26;0.3806647;40;96;1000000;-12.0023155;-77.0576576;-11.9989257;-77.0581262
43;4828411;Avenida Industrial;842510801;842548359;48;2;0.4157421;40;104;1000000;-11.9989257;-77.0581262;-11.9952315;-77.0587152
44;4828411;Avenida Industrial;842548359;842490632;48;65;0.2353877;40;59;1000000;-11.9952315;-77.0587152;-11.9931402;-77.0590507
45;4828411;Avenida Industrial;842490632;842490892;48;37;0.4149097;40;104;1000000;-11.9931402;-77.0590507;-11.9894548;-77.0596476
46;4828743;Avenida Naranjal;31043944;31069245;58;86;0.6614925;70;95;1000000;-11.976904;-77.0666597;-11.9784351;-77.0722402
47;4828743;Avenida Naranjal;31069245;31069290;58;64;0.015722;70;3;1000000;-11.9784351;-77.0722402;-11.9784413;-77.0723846
48;4828743;Avenida Naranjal;31069290;31045173;58;65;0.48384;70;70;1000000;-11.9784413;-77.0723846;-11.978029;-77.0767577
49;4828802;Avenida Bocanegra;2549104060;1359116595;33;72;0.2459103;60;41;0.0040985;-12.0059743;-77.0976172;-12.0048842;-77.0956674
50;4828802;Avenida Bocanegra;1359116595;1359116531;33;85;0.1184918;60;20;0.0019749;-12.0048842;-77.0956674;-12.0042073;-77.0948263
51;4828802;Avenida Bocanegra;1359116531;1359116526;33;23;0.011372;60;2;0.0001895;-12.0042073;-77.0948263;-12.0041308;-77.0947569
52;4828802;Avenida Bocanegra;1359116526;1359116513;33;22;0.1458649;60;25;0.0024311;-12.0041308;-77.0947569;-12.0035651;-77.0935469
53;4828802;Avenida Bocanegra;1359116513;1359116485;33;23;0.1241484;60;21;0.0020691;-12.0035651;-77.0935469;-12.0031137;-77.0925029
54;4831287;Avenida Santiago Antunez de Mayolo;1359115792;31045013;65;102;0.0355302;60;6;1000000;-11.9970685;-77.0876088;-11.9968748;-77.087349
55;4831287;Avenida Santiago Antunez de Mayolo;31045013;1359115561;65;99;0.0654388;60;11;1000000;-11.9968748;-77.087349;-11.9966924;-77.08678
56;4831287;Avenida Santiago Antunez de Mayolo;1359115561;1359115602;65;45;0.0381464;60;7;1000000;-11.9966924;-77.08678;-11.9966122;-77.086439
57;4831287;Avenida Santiago Antunez de Mayolo;1359115602;1359115529;65;102;0.1006815;60;17;1000000;-11.9966122;-77.086439;-11.996372;-77.0855465
58;4831299;Avenida Las Palmeras;31069262;31069291;51;12;0.0109002;60;2;1000000;-11.9663497;-77.067724;-11.9663706;-77.0678219
59;4831299;Avenida Las Palmeras;31069291;769214459;51;76;0.0424051;60;8;1000000;-11.9663706;-77.0678219;-11.9664292;-77.0682071
60;4831299;Avenida Las Palmeras;769214459;273424032;51;4;0.2285899;60;39;1000000;-11.9664292;-77.0682071;-11.9670433;-77.0701972
61;4831340;Avenida Los Dominicos;31069517;1359117002;53;57;0.0502971;60;9;1000000;-12.0109233;-77.0965156;-12.0105396;-77.0967605
62;4831340;Avenida Los Dominicos;1359117002;31069529;53;61;0.051827;60;9;1000000;-12.0105396;-77.0967605;-12.0101442;-77.0970128
63;4831340;Avenida Los Dominicos;31069529;1359116929;53;34;0.1029936;60;18;1000000;-12.0101442;-77.0970128;-12.0093114;-77.0974273
64;4831340;Avenida Los Dominicos;1359116929;31069530;53;44;0.2305176;60;39;1000000;-12.0093114;-77.0974273;-12.0074505;-77.0983614
65;4831356;Alejandro Bertello Bollati;31069687;273431185;8;48;0.0201927;60;4;1000000;-12.0099008;-77.1062857;-12.010065;-77.1062064
66;4831356;Alejandro Bertello Bollati;848395726;848395702;8;7;0.0378739;60;7;1000000;-12.0261709;-77.0982053;-12.0264774;-77.0980534
67;4831356;Alejandro Bertello Bollati;848395702;848395699;8;102;0.1310483;60;22;1000000;-12.0264774;-77.0980534;-12.0275364;-77.0975246
68;4831356;Alejandro Bertello Bollati;848395709;848395716;8;71;0.0396892;60;7;1000000;-12.0286423;-77.0970033;-12.028957;-77.0968311
69;4831356;Alejandro Bertello Bollati;848395716;1273841070;8;10;0.0939459;60;16;1000000;-12.028957;-77.0968311;-12.0295742;-77.0962471
70;4831356;Alejandro Bertello Bollati;1273841070;603757967;8;103;0.1941828;60;33;1000000;-12.0295742;-77.0962471;-12.0300847;-77.0945659
71;4831397;Avenida  Peru;31069890;885686003;94;39;0.3145047;60;53;1000000;-12.0319298;-77.0770824;-12.0319644;-77.074192
72;4831397;Avenida  Peru;885686003;885686041;94;40;0.1371474;60;23;1000000;-12.0319644;-77.074192;-12.031966;-77.0729309
73;4831397;Avenida  Peru;885686041;885686039;94;18;0.1841093;60;31;1000000;-12.031966;-77.0729309;-12.0319458;-77.0712381
74;4831397;Avenida  Peru;885686039;885686054;94;24;0.0829404;60;14;1000000;-12.0319458;-77.0712381;-12.0319368;-77.0704755
75;4832867;Abancay;563843254;1354143297;1;65;0.1279921;70;19;1000000;-12.0578131;-77.0301105;-12.058955;-77.0299623
76;4832867;Abancay;31080125;31080118;1;83;0.2251681;30;76;1000000;-12.044841;-77.0250477;-12.0430329;-77.0241154
77;4832867;Abancay;885799716;1830374075;1;6;0.0130093;70;2;1000000;-12.0544255;-77.0302787;-12.0545295;-77.0303335
78;4832867;Abancay;1830374075;31080129;1;30;0.0471199;70;7;1000000;-12.0545295;-77.0303335;-12.0549368;-77.0304515
79;4832867;Abancay;31080129;1830390035;1;68;0.1960564;70;29;1000000;-12.0549368;-77.0304515;-12.056688;-77.0302566
80;4832867;Abancay;1830390035;563843254;1;18;0.1261101;70;19;1000000;-12.056688;-77.0302566;-12.0578131;-77.0301105
81;4832890;Avenida Universitaria;1258298580;1305701554;70;83;1.1830756;70;170;1000000;-11.9151397;-77.047991;-11.9248988;-77.0520285
82;4832890;Avenida Universitaria;273350406;273405235;70;47;0.1940214;70;28;1000000;-11.9625778;-77.0689905;-11.9630831;-77.0706857
83;4832890;Avenida Universitaria;273405235;273403746;70;94;0.1336391;70;20;1000000;-11.9630831;-77.0706857;-11.9636999;-77.0717401
84;4832890;Avenida Universitaria;273403746;273403602;70;6;0.0128451;70;2;1000000;-11.9636999;-77.0717401;-11.9637728;-77.0718317
85;4832890;Avenida Universitaria;273403602;273350286;70;20;0.1287947;70;19;1000000;-11.9637728;-77.0718317;-11.9644884;-77.0727621
86;4832972;Avenida Tomas Valle;31069560;1842440031;68;11;0.0777005;70;12;1000000;-12.0222867;-77.1057063;-12.0217377;-77.1053966
87;4832972;Avenida Tomas Valle;1842440031;599289764;68;57;0.0688837;70;10;1000000;-12.0217377;-77.1053966;-12.0214682;-77.1048263
88;4832972;Avenida Tomas Valle;599289764;31069688;68;90;0.4166511;70;60;1000000;-12.0214682;-77.1048263;-12.0197945;-77.1013987
89;4832972;Avenida Tomas Valle;31069688;31069656;68;86;0.0322878;70;5;1000000;-12.0197945;-77.1013987;-12.0196318;-77.1011528
90;4832972;Avenida Tomas Valle;769223700;769223685;68;65;0.0185328;70;3;1000000;-12.017034;-77.0983622;-12.0169013;-77.0982591
91;4832980;Avenida Canta Callao;31069845;31069864;35;105;0.1001816;70;15;1000000;-12.0009557;-77.1166601;-12.000364;-77.1159655
92;4832980;Avenida Canta Callao;31069864;1757614266;35;40;0.2069429;70;30;1000000;-12.000364;-77.1159655;-11.9990027;-77.1146681
93;4832980;Avenida Canta Callao;1757614266;1756592888;35;91;0.300106;70;43;1000000;-11.9990027;-77.1146681;-11.9970473;-77.1127667
94;4832980;Avenida Canta Callao;1756592888;427589721;35;62;0.0384357;70;6;1000000;-11.9970473;-77.1127667;-11.9968228;-77.112498
95;4832980;Avenida Canta Callao;427589721;847760094;35;62;0.2009212;70;29;1000000;-11.9968228;-77.112498;-11.9954373;-77.1113122
96;4832980;Avenida Canta Callao;847760094;847760096;35;36;0.1716788;70;25;1000000;-11.9954373;-77.1113122;-11.9943106;-77.1102336
97;11979291;Aurelio Miro Quesada;108009619;108009621;29;97;0.0275386;40;7;0.0006885;-12.0989604;-77.0508785;-12.0989183;-77.0506289
98;11979291;Aurelio Miro Quesada;108009621;108009622;29;16;0.060915;40;16;0.0015229;-12.0989183;-77.0506289;-12.098868;-77.050071
99;11979291;Aurelio Miro Quesada;108009622;108009627;29;75;0.0952866;40;24;0.0023822;-12.098868;-77.050071;-12.0984903;-77.0493415
100;11979291;Aurelio Miro Quesada;108009627;108009630;29;77;0.0997564;40;25;0.0024939;-12.0984903;-77.0493415;-12.0986582;-77.0484403
101;11979291;Aurelio Miro Quesada;108009630;262730169;29;49;0.0758985;40;19;0.0018975;-12.0986582;-77.0484403;-12.0987841;-77.0477542
102;12561291;Avenida Ricardo Palma;114612763;114612761;30;49;0.0890312;60;15;1000000;-12.1210621;-77.0221376;-12.1205832;-77.0227939
103;12561291;Avenida Ricardo Palma;114612761;114612758;30;20;0.1426474;60;24;1000000;-12.1205832;-77.0227939;-12.1198492;-77.0238698
104;12561291;Avenida Ricardo Palma;114612758;114612757;30;64;0.0244202;60;5;1000000;-12.1198492;-77.0238698;-12.1197224;-77.0240532
105;14175423;Avenida Oscar Raul Benavides;135462035;309580852;60;73;0.9098765;70;130;1000000;-12.0534528;-77.0975354;-12.0549964;-77.1057503
106;14175423;Avenida Oscar Raul Benavides;309580852;309580851;60;58;0.0219072;70;4;1000000;-12.0549964;-77.1057503;-12.0550367;-77.1059475
107;14175423;Avenida Oscar Raul Benavides;309580851;309581128;60;38;0.1864801;70;27;1000000;-12.0550367;-77.1059475;-12.0554033;-77.1076209
108;14175423;Avenida Oscar Raul Benavides;309581128;309580870;60;27;0.0209809;70;3;1000000;-12.0554033;-77.1076209;-12.0554431;-77.1078095
109;14175423;Avenida Oscar Raul Benavides;309580870;301457063;60;102;0.7663858;70;110;1000000;-12.0554431;-77.1078095;-12.0568506;-77.1147087
110;14342452;Avenida Comandante Espinar;108236195;262571000;41;34;0.16662;60;28;1000000;-12.1107312;-77.0369709;-12.1122294;-77.0369989
111;14342452;Avenida Comandante Espinar;262571000;262571076;41;103;0.108998;60;19;1000000;-12.1122294;-77.0369989;-12.1132096;-77.0370082
112;14342452;Avenida Comandante Espinar;262571076;138853228;41;20;0.0894885;60;15;1000000;-12.1132096;-77.0370082;-12.1140143;-77.0370205
113;14342452;Avenida Comandante Espinar;138853228;262577723;41;90;0.0933187;60;16;1000000;-12.1140143;-77.0370205;-12.1148535;-77.0370284
114;14343873;Alcanfores;252115370;133935057;6;90;0.0917286;40;23;1000000;-12.1223569;-77.0277721;-12.1231814;-77.0277995
115;14343873;Alcanfores;133935057;263630443;6;56;0.1702775;40;43;1000000;-12.1231814;-77.0277995;-12.1247097;-77.0278982
116;14343873;Alcanfores;252115368;252115369;6;44;0.1223758;40;31;1000000;-12.1203932;-77.0276519;-12.1214926;-77.0277034
117;14343873;Alcanfores;252115369;252115370;6;54;0.0963956;40;25;1000000;-12.1214926;-77.0277034;-12.1223569;-77.0277721
118;14343873;Alcanfores;263630443;108191737;6;48;0.0086553;40;3;1000000;-12.1247097;-77.0278982;-12.1247875;-77.0279008
119;14386675;Acacias;140343534;140343535;2;22;0.0728427;40;19;0.0018211;-12.1329775;-77.0234891;-12.1331567;-77.0241336
120;14386675;Acacias;140342732;140342734;2;67;0.0990956;40;25;0.0024774;-12.1337456;-77.0254959;-12.1344497;-77.0260547
121;14386675;Acacias;140342734;133915462;2;19;0.0119618;40;3;0.000299;-12.1344497;-77.0260547;-12.1345327;-77.0261247
122;14386675;Acacias;114615167;114615800;2;65;0.1458859;40;37;0.0036471;-12.1353684;-77.0267909;-12.1363452;-77.0276868
123;14386828;Avenida  Armendariz;140347256;140346743;31;22;0.0564332;60;10;1000000;-12.1345338;-77.0234402;-12.1347045;-77.0239238
124;14386828;Avenida  Armendariz;140346743;140346745;31;28;0.1185863;60;20;1000000;-12.1347045;-77.0239238;-12.1350543;-77.0249543
125;14386828;Avenida  Armendariz;140346745;140342734;31;5;0.1476011;60;25;1000000;-12.1350543;-77.0249543;-12.1344497;-77.0260547
126;14386828;Avenida  Armendariz;140342734;263642745;31;79;0.090673;60;16;1000000;-12.1344497;-77.0260547;-12.1339425;-77.0267078
127;17576094;Andres Avelino Caceres;181983357;181983358;17;46;0.0204955;40;6;0.0005124;-12.0075485;-76.8264136;-12.007607;-76.8262349
128;17576094;Andres Avelino Caceres;181983358;1745858751;17;56;0.1166339;40;30;0.0029158;-12.007607;-76.8262349;-12.0080016;-76.8252413
129;17576094;Andres Avelino Caceres;1745858751;1745858753;17;7;0.0730986;40;19;0.0018275;-12.0080016;-76.8252413;-12.0082358;-76.8246133
130;17576094;Andres Avelino Caceres;1745858753;1745858765;17;3;0.1689569;40;43;0.0042239;-12.0082358;-76.8246133;-12.0090481;-76.8233045
131;17624222;Avenida Cajamarquilla;580654017;580654050;34;47;0.9861952;60;165;0.0164366;-11.9753287;-76.8837429;-11.9772575;-76.8907977
132;17624222;Avenida Cajamarquilla;580654050;580654051;34;75;0.029439;60;5;0.0004907;-11.9772575;-76.8907977;-11.9774487;-76.8909849
133;17624222;Avenida Cajamarquilla;580654051;1746018849;34;79;1.4344515;60;240;0.0239075;-11.9774487;-76.8909849;-11.9876069;-76.8981906
134;17624222;Avenida Cajamarquilla;1746018849;1746018856;34;6;0.1187254;60;20;0.0019788;-11.9876069;-76.8981906;-11.9882312;-76.8990761
135;17624222;Avenida Cajamarquilla;1746018856;1746018867;34;59;0.1271863;60;22;0.0021198;-11.9882312;-76.8990761;-11.9889;-76.9000247
136;24266810;Avenida Del Ejercito;262727996;316801728;42;3;0.0574501;70;9;0.0008207;-12.0973062;-77.0713716;-12.0971213;-77.071865
137;24266810;Avenida Del Ejercito;316801728;1943098908;42;85;0.009365;70;2;0.0001338;-12.0971213;-77.071865;-12.0970889;-77.0719445
138;24266810;Avenida Del Ejercito;1943098908;1943098980;42;74;0.0040734;70;1;5.82E-05;-12.0970889;-77.0719445;-12.0970733;-77.0719784
139;24266810;Avenida Del Ejercito;1943098980;262727999;42;104;0.0087516;70;2;0.000125;-12.0970733;-77.0719784;-12.0970435;-77.0720529
140;24266855;Avenida  Coronel Portillo;262728248;262728246;36;45;0.1649667;60;28;1000000;-12.0989695;-77.051145;-12.1004458;-77.0512046
141;24266855;Avenida  Coronel Portillo;262728246;262728245;36;18;0.1310564;60;22;1000000;-12.1004458;-77.0512046;-12.1016124;-77.0513763
142;24266855;Avenida  Coronel Portillo;262728245;262728225;36;63;0.1438914;60;24;1000000;-12.1016124;-77.0513763;-12.1028964;-77.0515409
143;24266986;Alberto del Campo;262729474;262729477;4;98;0.1103341;40;28;1000000;-12.0984568;-77.0548095;-12.0979529;-77.0556686
144;24266986;Alberto del Campo;262729477;262729478;4;14;0.018681;40;5;1000000;-12.0979529;-77.0556686;-12.0978778;-77.0558223
145;24266986;Alberto del Campo;262729478;263376842;4;83;0.1107508;40;28;1000000;-12.0978778;-77.0558223;-12.0974237;-77.0567289
146;24266986;Alberto del Campo;263376842;263376843;4;21;0.1969853;40;50;1000000;-12.0974237;-77.0567289;-12.0966348;-77.0583511
147;24266986;Alberto del Campo;263376843;263376845;4;58;0.0610006;40;16;1000000;-12.0966348;-77.0583511;-12.0963662;-77.0588403
148;24267018;Augusto Bolognesi;262728245;262729612;27;17;0.1244551;40;32;0.0031114;-12.1016124;-77.0513763;-12.1014026;-77.0525007
149;24267018;Augusto Bolognesi;262729612;262729684;27;24;0.0776378;40;20;0.0019409;-12.1014026;-77.0525007;-12.1012431;-77.0531959
150;24267018;Augusto Bolognesi;262729684;262729619;27;29;0.073954;40;19;0.0018489;-12.1012431;-77.0531959;-12.1011256;-77.0538654
151;24267018;Augusto Bolognesi;262729619;262729622;27;23;0.1385526;40;35;0.0034638;-12.1011256;-77.0538654;-12.100899;-77.0551185
152;24267031;Avenida  Salaverry;263110778;263110782;96;8;0.6475765;60;108;1000000;-12.0652363;-77.0391376;-12.0708032;-77.0407416
153;24267031;Avenida  Salaverry;263110782;263110783;96;13;0.0176153;60;3;1000000;-12.0708032;-77.0407416;-12.0709473;-77.0408089
154;24267031;Avenida  Salaverry;263110783;263110784;96;47;0.1382827;60;24;1000000;-12.0709473;-77.0408089;-12.0720796;-77.0413344
155;24267031;Avenida  Salaverry;263110784;263110785;96;101;0.0818975;60;14;1000000;-12.0720796;-77.0413344;-12.0727595;-77.041624
156;24281860;Antequera;262910108;262909434;20;56;0.1207249;40;31;0.0030181;-12.0949181;-77.027852;-12.0950939;-77.0289477
157;24281860;Antequera;262909434;262909521;20;78;0.087638;40;22;0.0021909;-12.0950939;-77.0289477;-12.0951878;-77.029748
158;24281860;Antequera;262909521;1431652875;20;5;0.0567567;40;15;0.0014189;-12.0951878;-77.029748;-12.0952279;-77.0302684
159;24281860;Antequera;262909446;262909609;20;62;0.0883482;40;23;0.0022087;-12.0952238;-77.0317415;-12.0947655;-77.0324052
160;24281860;Antequera;262909609;108064581;20;40;0.0567241;40;15;0.0014181;-12.0947655;-77.0324052;-12.0945917;-77.0328957
161;24281868;Amador Merino Reyna;262910003;262910004;16;39;0.1595058;40;40;1000000;-12.092115;-77.0242966;-12.0922905;-77.0257526
162;24281868;Amador Merino Reyna;262910004;262910005;16;93;0.1224055;40;31;1000000;-12.0922905;-77.0257526;-12.0924654;-77.0268641
163;24281868;Amador Merino Reyna;262910005;262910006;16;90;0.1235206;40;31;1000000;-12.0924654;-77.0268641;-12.09262;-77.0279891
164;24281868;Amador Merino Reyna;262910006;262909437;16;28;0.1414849;40;36;1000000;-12.09262;-77.0279891;-12.0927972;-77.0292777
165;24281868;Amador Merino Reyna;262909437;262909615;16;23;0.1196958;40;30;1000000;-12.0927972;-77.0292777;-12.0929083;-77.0303727
166;24294983;Avenida  Javier Prado Oeste;263384344;263384345;87;83;0.0722988;70;11;1000000;-12.0900298;-77.0659214;-12.0904411;-77.0654064
167;24294983;Avenida  Javier Prado Oeste;263384345;263384346;87;59;0.0743323;70;11;1000000;-12.0904411;-77.0654064;-12.0908607;-77.0648742
168;24294983;Avenida  Javier Prado Oeste;263384346;263384347;87;1;0.0835206;70;12;1000000;-12.0908607;-77.0648742;-12.0913391;-77.064282
169;24294983;Avenida  Javier Prado Oeste;263384347;263384348;87;1;0.0285897;70;5;1000000;-12.0913391;-77.064282;-12.0914979;-77.0640752
170;24295091;Almirante Manuel Villavicencio;263113041;263113042;14;65;0.0566958;40;15;0.0014174;-12.0891746;-77.0396039;-12.0892545;-77.0401189
171;24295091;Almirante Manuel Villavicencio;263113042;263113043;14;40;0.0865744;40;22;0.0021644;-12.0892545;-77.0401189;-12.0893715;-77.0409061
172;24295091;Almirante Manuel Villavicencio;263113043;263113044;14;86;0.0908491;40;23;0.0022712;-12.0893715;-77.0409061;-12.0894888;-77.041733
173;24295091;Almirante Manuel Villavicencio;263113044;263113045;14;102;0.0329438;40;9;0.0008236;-12.0894888;-77.041733;-12.089531;-77.0420329
174;24295091;Almirante Manuel Villavicencio;263113045;263113046;14;16;0.0559784;40;14;0.0013995;-12.089531;-77.0420329;-12.0896013;-77.0425427
175;24295091;Almirante Manuel Villavicencio;263113046;263112659;14;49;0.0899376;40;23;0.0022484;-12.0896013;-77.0425427;-12.0897046;-77.0433631
176;24295091;Almirante Manuel Villavicencio;263112659;263112972;14;21;0.0903565;40;23;0.0022589;-12.0897046;-77.0433631;-12.0896072;-77.044171
177;24295136;Almirante Martin Guisse;263359016;263359018;15;13;0.0327151;40;9;1000000;-12.080004;-77.0396241;-12.0802954;-77.0395826
178;24295136;Almirante Martin Guisse;263359018;263358427;15;84;0.1198341;40;30;1000000;-12.0802954;-77.0395826;-12.0813642;-77.0394413
179;24295136;Almirante Martin Guisse;263358427;263357998;15;93;0.0697652;40;18;1000000;-12.0813642;-77.0394413;-12.0819848;-77.039347
180;24295136;Almirante Martin Guisse;263357998;263357757;15;8;0.1197191;40;30;1000000;-12.0819848;-77.039347;-12.0830505;-77.0391903
181;25111783;Avenida Santa Elvira;273426573;273426546;63;80;0.2130844;60;36;1000000;-11.9619818;-77.0725128;-11.9600893;-77.0728205
182;25111783;Avenida Santa Elvira;273426546;1162293813;63;27;0.0857576;60;15;1000000;-11.9600893;-77.0728205;-11.9593277;-77.0729447
183;25111783;Avenida Santa Elvira;1162293813;1162293823;63;31;0.0115021;60;2;1000000;-11.9593277;-77.0729447;-11.9592257;-77.0729623
184;25111783;Avenida Santa Elvira;1379749442;1305382857;63;30;0.3467979;60;58;1000000;-11.9541179;-77.0738799;-11.9571976;-77.0733773
185;25111783;Avenida Santa Elvira;1305382857;1162293817;63;79;0.2300574;60;39;1000000;-11.9571976;-77.0733773;-11.9592426;-77.0730564
186;25111821;Avenida Central;549104916;1305701340;39;21;0.0124669;60;3;1000000;-11.9550773;-77.0847573;-11.9550618;-77.0846438
187;25111821;Avenida Central;1305701340;1305701950;39;86;0.0558432;60;10;1000000;-11.9550618;-77.0846438;-11.9549802;-77.0841373
188;25111821;Avenida Central;1305701950;1305701354;39;90;0.168494;60;29;1000000;-11.9549802;-77.0841373;-11.9554569;-77.0827817
189;25111821;Avenida Central;1305701354;549104980;39;45;0.1825796;60;31;1000000;-11.9554569;-77.0827817;-11.9564869;-77.0814746
190;25112346;Avenida Ferrocarril;273413242;1486993214;44;38;0.1278572;60;22;1000000;-12.0369833;-76.9881353;-12.036587;-76.9892301
191;25112346;Avenida Ferrocarril;1486993214;273412958;44;20;0.0127472;60;3;1000000;-12.036587;-76.9892301;-12.0365132;-76.9893198
192;25112346;Avenida Ferrocarril;273412958;1273480298;44;88;0.0894239;60;15;1000000;-12.0365132;-76.9893198;-12.0361829;-76.9900687
193;25113618;Avenida Los Alisos;1330494627;844402503;52;102;0.0733399;60;13;1000000;-11.982968;-77.0582076;-11.9831409;-77.0588581
194;25113618;Avenida Los Alisos;844402503;273427119;52;103;0.0496456;60;9;1000000;-11.9831409;-77.0588581;-11.9832161;-77.059308
195;25113618;Avenida Los Alisos;273427119;842721287;52;96;0.2075731;60;35;1000000;-11.9832161;-77.059308;-11.9834929;-77.0611952
196;25113618;Avenida Los Alisos;842721287;842731698;52;44;0.1449865;60;25;1000000;-11.9834929;-77.0611952;-11.9836881;-77.0625131
197;25113618;Avenida Los Alisos;842731698;273427122;52;104;0.0521865;60;9;1000000;-11.9836881;-77.0625131;-11.9837582;-77.0629875
198;25113731;Avenida Carlos Alberto Izaguirre;675164099;675164028;38;17;0.0064563;60;2;0.0001076;-11.9913417;-77.0843743;-11.9913363;-77.0844334
199;25113731;Avenida Carlos Alberto Izaguirre;675164028;1359114226;38;97;0.0831877;60;14;0.0013865;-11.9913363;-77.0844334;-11.9912848;-77.0851964
200;25113731;Avenida Carlos Alberto Izaguirre;1359114226;675164084;38;18;0.0408868;60;7;0.0006814;-11.9912848;-77.0851964;-11.9912677;-77.0855719
201;25113808;Avenida Carabayllo;273429036;769223681;37;16;0.017659;60;3;1000000;-11.9644925;-77.0600097;-11.9643365;-77.0600401
202;25113808;Avenida Carabayllo;769223681;1295957878;37;97;0.0532163;60;9;1000000;-11.9643365;-77.0600401;-11.9638686;-77.0601346
203;25113808;Avenida Carabayllo;1295957878;1295958648;37;35;0.2246938;60;38;1000000;-11.9638686;-77.0601346;-11.9619149;-77.0596795
204;25113808;Avenida Carabayllo;1295958648;1295958672;37;49;0.0563676;60;10;1000000;-11.9619149;-77.0596795;-11.9614314;-77.0595238
205;25114000;Avenida Pacasmayo;599289827;848394968;62;6;0.257963;60;43;1000000;-12.0226662;-77.0915222;-12.0216228;-77.0936407
206;25114000;Avenida Pacasmayo;848394968;848394965;62;66;0.0577698;60;10;1000000;-12.0216228;-77.0936407;-12.0213958;-77.0941185
207;25114000;Avenida Pacasmayo;848394965;1378327174;62;60;0.1027232;60;18;1000000;-12.0213958;-77.0941185;-12.0209751;-77.0949594
208;25114000;Avenida Pacasmayo;1378327174;1273710385;62;73;0.0344548;60;6;1000000;-12.0209751;-77.0949594;-12.0208242;-77.0952361
209;25137819;Avenida Mexico;769223686;273923208;54;88;0.0620886;60;11;1000000;-11.9565472;-77.0549304;-11.9563267;-77.0554438
210;25137819;Avenida Mexico;273923208;1273122882;54;96;0.0524281;60;9;1000000;-11.9563267;-77.0554438;-11.9561785;-77.0559004
211;25137819;Avenida Mexico;1273122882;273923214;54;56;0.1885679;60;32;1000000;-11.9561785;-77.0559004;-11.9558582;-77.0575948
212;25137819;Avenida Mexico;273923214;273428988;54;28;0.0158257;60;3;1000000;-11.9558582;-77.0575948;-11.9557959;-77.0577256
213;25137993;Alfredo Mendiola;273926095;273928015;12;60;0.2197735;60;37;0.0036629;-11.9497139;-77.0699029;-11.9477586;-77.0701978
214;25137993;Alfredo Mendiola;273928015;1296961220;12;1;0.0315231;60;6;0.0005254;-11.9477586;-77.0701978;-11.9474782;-77.0702405
215;25137993;Alfredo Mendiola;1296961220;273925583;12;94;0.2140153;60;36;0.0035669;-11.9474782;-77.0702405;-11.9455728;-77.0705183
216;25139374;Avenida Guillermo de la Fuente;1272936603;273948193;47;92;0.0614793;60;11;1000000;-11.9423026;-77.0667796;-11.9421473;-77.0662498
217;25139374;Avenida Guillermo de la Fuente;273948193;273948195;47;9;0.205217;60;35;1000000;-11.9421473;-77.0662498;-11.9417846;-77.0644002
218;25139374;Avenida Guillermo de la Fuente;273948195;273948199;47;55;0.2736368;60;46;1000000;-11.9417846;-77.0644002;-11.9417855;-77.0619029
219;25139374;Avenida Guillermo de la Fuente;273948199;1272936818;47;81;0.1603227;60;27;1000000;-11.9417855;-77.0619029;-11.9422746;-77.060522
220;25139474;Avenida Trapiche;1815030047;1814004799;69;87;0.0611304;70;9;1000000;-11.8870725;-77.0428699;-11.8876075;-77.0429992
221;25139474;Avenida Trapiche;1814004799;1815030068;69;50;0.155156;70;23;1000000;-11.8876075;-77.0429992;-11.8889899;-77.0431031
222;25139474;Avenida Trapiche;1815030068;1815030076;69;61;0.1268043;70;19;1000000;-11.8889899;-77.0431031;-11.889887;-77.0438003
223;25139474;Avenida Trapiche;1815030076;599283710;69;37;0.0276674;70;4;1000000;-11.889887;-77.0438003;-11.8900677;-77.0439751
224;26359418;Aurelio Fernandez Concha;288794168;288794364;28;36;0.0891426;40;23;0.0022286;-12.1286338;-77.0167795;-12.1279456;-77.016376
225;26359418;Aurelio Fernandez Concha;288794364;1273465698;28;103;0.1012004;40;26;0.00253;-12.1279456;-77.016376;-12.1274044;-77.015668
226;26359418;Aurelio Fernandez Concha;1273465698;288794368;28;98;0.1233249;40;31;0.0030831;-12.1274044;-77.015668;-12.127568;-77.0145479
227;26359418;Aurelio Fernandez Concha;288794368;2534006667;28;50;0.0670104;40;17;0.0016753;-12.127568;-77.0145479;-12.1276726;-77.0139409
228;26359418;Aurelio Fernandez Concha;2534006667;288794370;28;70;0.0223633;40;6;0.0005591;-12.1276726;-77.0139409;-12.1277033;-77.0137376
229;27767580;Ariosto Matellini;304905111;304905113;23;75;0.0651539;60;11;1000000;-12.1746034;-77.0057161;-12.1751188;-77.0059999
230;27767580;Ariosto Matellini;304905113;309583829;23;93;0.192623;60;33;1000000;-12.1751188;-77.0059999;-12.1765179;-77.0070253
231;27767580;Ariosto Matellini;309583829;310954835;23;19;0.2026137;60;34;1000000;-12.1765179;-77.0070253;-12.1777241;-77.0084225
232;27767580;Ariosto Matellini;310954835;310954947;23;88;0.0572695;60;10;1000000;-12.1777241;-77.0084225;-12.1780853;-77.0087981
233;27767580;Ariosto Matellini;310954947;1766599810;23;53;0.0942173;60;16;1000000;-12.1780853;-77.0087981;-12.1786395;-77.0094538
234;27767580;Ariosto Matellini;1766599810;1663122038;23;105;0.0419891;60;7;1000000;-12.1786395;-77.0094538;-12.1788903;-77.0097426
235;27767600;Andromeda;304905212;304905220;18;78;0.2013721;40;51;0.0050343;-12.1744734;-77.0017786;-12.1759081;-77.0028086
236;27767600;Andromeda;304905220;304905225;18;17;0.1207764;40;31;0.0030194;-12.1759081;-77.0028086;-12.1759006;-77.0038701
237;27767600;Andromeda;304905225;304905226;18;73;0.0453599;40;12;0.001134;-12.1759006;-77.0038701;-12.175658;-77.0042056
238;27877436;Avenida Nuevo Aeropuerto;306072714;1360092420;59;34;0.0113308;60;2;0.0001888;-12.0419127;-77.1078291;-12.0420137;-77.1078153
239;27877436;Avenida Nuevo Aeropuerto;1360092420;401389854;59;50;0.0122408;60;3;0.000204;-12.0420137;-77.1078153;-12.0421228;-77.1078003
240;27877436;Avenida Nuevo Aeropuerto;401389854;306326465;59;73;0.1575809;60;27;0.0026263;-12.0421228;-77.1078003;-12.0435286;-77.1076172
241;27877436;Avenida Nuevo Aeropuerto;306326465;941476166;59;96;0.0820422;60;14;0.0013674;-12.0435286;-77.1076172;-12.0442605;-77.1075218
242;27877436;Avenida Nuevo Aeropuerto;941476166;306326152;59;49;0.025068;60;5;0.0004178;-12.0442605;-77.1075218;-12.0444834;-77.1074873
243;27898312;Avenida Argentina;301457787;838085508;32;44;0.0835607;60;14;1000000;-12.0507247;-77.1263162;-12.0508789;-77.1270514
244;27898312;Avenida Argentina;838085508;838085401;32;95;0.1244279;60;21;1000000;-12.0508789;-77.1270514;-12.0509772;-77.1281912
245;27898312;Avenida Argentina;838085401;838070981;32;27;0.1992071;60;34;1000000;-12.0509772;-77.1281912;-12.0511346;-77.130016
246;27898312;Avenida Argentina;838070981;437632361;32;74;0.1857905;60;31;1000000;-12.0511346;-77.130016;-12.0512814;-77.1317179
247;27898312;Avenida Argentina;437632361;437631446;32;3;0.1466621;60;25;1000000;-12.0512814;-77.1317179;-12.0514024;-77.1330609
248;27925322;Avenida  Nestor Gambetta;301457784;1273523603;93;25;0.6696158;70;96;1000000;-12.050486;-77.1257267;-12.044519;-77.1263966
249;27925322;Avenida  Nestor Gambetta;1273523603;1843155204;93;42;0.0171766;70;3;1000000;-12.044519;-77.1263966;-12.0443652;-77.1264113
250;27925322;Avenida  Nestor Gambetta;1843155204;1672811436;93;94;0.0353683;70;6;1000000;-12.0443652;-77.1264113;-12.0440485;-77.1264415
251;27925322;Avenida  Nestor Gambetta;1672811436;1672811406;93;98;0.0367542;70;6;1000000;-12.0440485;-77.1264415;-12.0437194;-77.126473
252;27925322;Avenida  Nestor Gambetta;1672811406;415835285;93;88;0.088249;70;13;1000000;-12.0437194;-77.126473;-12.0429292;-77.1265485
253;27925388;Avenida Mora;306533518;2216414023;56;105;0.1093255;60;19;1000000;-12.0337229;-77.137961;-12.0346863;-77.1377793
254;27925388;Avenida Mora;2216414023;1842328240;56;8;0.1136737;60;19;1000000;-12.0346863;-77.1377793;-12.0356838;-77.1375505
255;27925388;Avenida Mora;1842328240;2216420109;56;28;0.1967464;60;33;1000000;-12.0356838;-77.1375505;-12.037417;-77.1371865
256;27925427;Alberto Secada;309373546;306533620;5;43;0.1477673;40;37;0.0036942;-12.0630036;-77.1412;-12.0631747;-77.1425476
257;27925427;Alberto Secada;306533620;631734720;5;44;0.0202388;40;6;0.000506;-12.0631747;-77.1425476;-12.0631907;-77.142733
258;27925427;Alberto Secada;631734720;629595754;5;1;0.1464491;40;37;0.0036612;-12.0631907;-77.142733;-12.0633873;-77.1440647
259;27945286;Atahualpa;133953632;632025622;25;97;0.0824805;40;21;0.002062;-12.0547052;-77.1351651;-12.0552961;-77.1356236
260;27945286;Atahualpa;632025622;632025623;25;61;0.1058625;40;27;0.0026466;-12.0552961;-77.1356236;-12.0560436;-77.1362265
261;27945286;Atahualpa;632025623;632025626;25;8;0.0978396;40;25;0.002446;-12.0560436;-77.1362265;-12.0567326;-77.1367861
262;27945286;Atahualpa;632025626;632025624;25;49;0.097739;40;25;0.0024435;-12.0567326;-77.1367861;-12.057417;-77.1373501
263;27945317;Alfredo Palacios;301457790;306757376;13;4;0.1892395;70;28;1000000;-12.0512271;-77.1260582;-12.0527142;-77.125288
264;27945317;Alfredo Palacios;306757376;430543888;13;33;0.1621683;70;24;1000000;-12.0527142;-77.125288;-12.0536425;-77.1241379
265;27945317;Alfredo Palacios;430543888;430543902;13;11;0.1474349;70;22;1000000;-12.0536425;-77.1241379;-12.054483;-77.1230893
266;27945317;Alfredo Palacios;430543902;430543906;13;82;0.0618731;70;9;1000000;-12.054483;-77.1230893;-12.0548411;-77.1226538
267;28185186;Avenida La Libertad;316802673;607235590;49;84;0.0876809;40;22;1000000;-12.0881824;-77.0844597;-12.0878484;-77.0851902
268;28185186;Avenida La Libertad;607235590;317338169;49;41;0.2234654;40;56;1000000;-12.0878484;-77.0851902;-12.0869748;-77.0870411
269;28185186;Avenida La Libertad;317338169;257946393;49;64;0.1182635;40;30;1000000;-12.0869748;-77.0870411;-12.086526;-77.0880272
270;28185390;Alejandro Iglesias;309581834;347936279;9;57;0.0067518;40;2;1000000;-12.1702871;-77.0279758;-12.1702482;-77.0279281
271;28185390;Alejandro Iglesias;347936279;1757653609;9;6;0.0341243;40;9;1000000;-12.1702482;-77.0279281;-12.1700466;-77.0276914
272;28185390;Alejandro Iglesias;1757653609;1757653607;9;89;0.0686448;40;18;1000000;-12.1700466;-77.0276914;-12.1696292;-77.0272261
273;28185390;Alejandro Iglesias;1757653607;1273623169;9;44;0.084684;40;22;1000000;-12.1696292;-77.0272261;-12.1691038;-77.0266621
274;28224174;Avenida  Brasil;309998790;1856595154;32;59;0.0699254;30;24;1000000;-12.060592;-77.0419873;-12.0610747;-77.0423976
275;28224174;Avenida  Brasil;1856595154;819210992;32;105;0.2373716;30;80;1000000;-12.0610747;-77.0423976;-12.0627362;-77.0437682
276;28224174;Avenida  Brasil;819210992;915282488;32;55;0.1001493;30;34;1000000;-12.0627362;-77.0437682;-12.0634352;-77.044349
277;28316933;Avenida  Zorritos;310953955;679655457;97;25;0.1034275;60;18;1000000;-12.04876;-77.0593781;-12.04876;-77.058427
278;28316933;Avenida  Zorritos;679655457;679655455;97;90;0.1646439;60;28;1000000;-12.04876;-77.058427;-12.0488127;-77.056914
279;28316933;Avenida  Zorritos;679655455;316803702;97;104;0.3355841;60;56;1000000;-12.0488127;-77.056914;-12.0491372;-77.0538461
280;28316972;Ascope;915282582;915282335;24;81;0.148442;40;38;0.003711;-12.043924;-77.0457092;-12.0452541;-77.0455927
281;28316972;Ascope;915282335;915282683;24;94;0.1503726;40;38;0.0037593;-12.0452541;-77.0455927;-12.0466015;-77.0454747
282;28316972;Ascope;915282683;310954296;24;23;0.0111487;40;3;0.0002787;-12.0466015;-77.0454747;-12.0467014;-77.045466
283;28316972;Ascope;310954296;310954337;24;25;0.0658232;40;17;0.0016456;-12.0467014;-77.045466;-12.0472912;-77.0454143
284;28707078;Avenida Circunvalacion;315562890;1840977020;40;76;0.9488045;70;136;1000000;-12.0846276;-76.9839827;-12.0777033;-76.9889361
285;28707078;Avenida Circunvalacion;1840977020;1840977018;40;38;0.019952;70;3;1000000;-12.0777033;-76.9889361;-12.0775591;-76.9890453
286;28707078;Avenida Circunvalacion;1840977018;471611927;40;2;0.396785;70;57;1000000;-12.0775591;-76.9890453;-12.0747416;-76.9912846
287;28707078;Avenida Circunvalacion;471611927;316628653;40;101;0.4027791;70;58;1000000;-12.0747416;-76.9912846;-12.071854;-76.993521
288;28796823;Avenida  San Borja Sur;391037972;391037975;98;2;0.2484534;60;42;1000000;-12.1027179;-76.9902531;-12.1013419;-76.992048
289;28796823;Avenida  San Borja Sur;391037975;391037978;98;28;0.1302344;60;22;1000000;-12.1013419;-76.992048;-12.1007121;-76.9930512
290;28796823;Avenida  San Borja Sur;391037978;392152315;98;27;0.1681039;60;29;1000000;-12.1007121;-76.9930512;-12.1004003;-76.9945571
291;28796823;Avenida  San Borja Sur;392152315;391037982;98;30;0.0182614;60;4;1000000;-12.1004003;-76.9945571;-12.1003932;-76.9947249
292;28796827;Avenida  del Parque Norte;316625051;316625114;39;79;0.0239064;60;4;1000000;-12.0954465;-77.0090579;-12.0953122;-77.0088862
293;28796827;Avenida  del Parque Norte;316625114;316625118;39;89;0.0734942;60;13;1000000;-12.0953122;-77.0088862;-12.0947331;-77.0090064
294;28796827;Avenida  del Parque Norte;316625118;485615583;39;78;0.0148178;60;3;1000000;-12.0947331;-77.0090064;-12.0946646;-77.0091233
295;28796858;Avenida Pablo Carriquirry;263933883;316625723;61;79;0.1213793;60;21;1000000;-12.1020972;-77.0173524;-12.1010213;-77.017473
296;28796858;Avenida Pablo Carriquirry;316625723;316625724;61;9;0.0718274;60;12;1000000;-12.1010213;-77.017473;-12.10044;-77.0177611
297;28796858;Avenida Pablo Carriquirry;316625724;419482939;61;55;0.2350928;60;40;1000000;-12.10044;-77.0177611;-12.0984437;-77.018367
298;28797604;Avenida Almirante Miguel Grau;1354143317;416652521;31;30;0.0235994;60;4;1000000;-12.0584985;-77.0240949;-12.0584703;-77.0238798
299;28797604;Avenida Almirante Miguel Grau;416652521;416652517;31;51;0.0754993;60;13;1000000;-12.0584703;-77.0238798;-12.058385;-77.023191
300;28797604;Avenida Almirante Miguel Grau;416652517;486250987;31;102;0.1562989;60;27;1000000;-12.058385;-77.023191;-12.0582028;-77.0217658
301;28797604;Avenida Almirante Miguel Grau;486250987;1354143319;31;10;0.0632491;60;11;1000000;-12.0582028;-77.0217658;-12.0581177;-77.0211907
302;28797604;Avenida Almirante Miguel Grau;1354143319;1273984542;31;67;0.0893758;60;15;1000000;-12.0581177;-77.0211907;-12.0580282;-77.0203739
303;28815131;Avenida  Simon Bolivar;316802435;316802232;101;62;0.0353219;60;6;1000000;-12.0701703;-77.0780396;-12.070439;-77.0779256
304;28815131;Avenida  Simon Bolivar;316803089;2054187127;101;36;0.0051018;60;1;1000000;-12.0709107;-77.0757461;-12.0709215;-77.0757005
305;28815131;Avenida  Simon Bolivar;316802232;316803089;101;17;0.2427341;60;41;1000000;-12.070439;-77.0779256;-12.0709107;-77.0757461
306;28815150;Avenida  Mariano Cornejo;1843102399;1836213618;92;55;0.0182738;60;4;1000000;-12.0685503;-77.077908;-12.0685573;-77.0777401
307;28815150;Avenida  Mariano Cornejo;1836213618;874898853;92;10;0.0873154;60;15;1000000;-12.0685573;-77.0777401;-12.0684346;-77.0769509
308;28815150;Avenida  Mariano Cornejo;874898853;874904875;92;55;0.1356143;60;23;1000000;-12.0684346;-77.0769509;-12.0681254;-77.0757445
309;28815196;Avenida  Tingo Maria;679655459;679655460;100;25;0.1615801;60;27;1000000;-12.0475558;-77.053996;-12.0489986;-77.0538463
310;28815196;Avenida  Tingo Maria;679655460;316803702;100;48;0.0154117;60;3;1000000;-12.0489986;-77.0538463;-12.0491372;-77.0538461
311;28815196;Avenida  Tingo Maria;316803702;679644524;100;47;0.5092235;60;85;1000000;-12.0491372;-77.0538461;-12.0532213;-77.0559219
312;28815196;Avenida  Tingo Maria;679644524;316803768;100;102;0.2921144;60;49;1000000;-12.0532213;-77.0559219;-12.0553342;-77.0575163
313;28815869;Avenida Sucre;606182822;316809217;66;3;0.0687195;60;12;1000000;-12.0969296;-77.0724104;-12.096373;-77.0721624
314;28815869;Avenida Sucre;316809217;605674788;66;15;0.1142087;60;20;1000000;-12.096373;-77.0721624;-12.0954081;-77.0718024
315;28815869;Avenida Sucre;605674788;1281213770;66;1;0.115545;60;20;1000000;-12.0954081;-77.0718024;-12.0944323;-77.0714371
316;28816148;Avenida Naciones Unidas;316811619;316811272;57;52;0.0182288;60;4;1000000;-12.0565696;-77.0613881;-12.0564084;-77.0614186
317;28816148;Avenida Naciones Unidas;316811272;679644473;57;67;0.1167098;60;20;1000000;-12.0564084;-77.0614186;-12.0553798;-77.0616322
318;28816148;Avenida Naciones Unidas;679644473;316811819;57;97;0.1378136;60;23;1000000;-12.0553798;-77.0616322;-12.0541677;-77.0615583
319;29874531;Avenida Santa Rosa;2549104054;1359116176;64;99;0.0294569;60;5;1000000;-11.9996931;-77.1024649;-11.9994778;-77.1023071
320;29874531;Avenida Santa Rosa;1359116176;329144974;64;34;0.0169799;60;3;1000000;-11.9994778;-77.1023071;-11.9993481;-77.1022247
321;29874531;Avenida Santa Rosa;329144974;1359116084;64;78;0.0534792;60;9;1000000;-11.9993481;-77.1022247;-11.9989159;-77.102009
322;30103262;Avenida Caqueta;331610847;31035273;36;91;0.0193563;70;3;1000000;-12.0368297;-77.0437646;-12.0370037;-77.0437593
323;30103262;Avenida Caqueta;31035273;2397317878;36;97;0.1049546;70;15;1000000;-12.0370037;-77.0437593;-12.0379325;-77.0435954
324;30103262;Avenida Caqueta;2397317878;31035250;36;75;0.0079173;70;2;1000000;-12.0379325;-77.0435954;-12.0380027;-77.0435832
325;30103262;Avenida Caqueta;331610939;331610847;36;99;0.0762721;30;26;1000000;-12.0361463;-77.0438248;-12.0368297;-77.0437646
326;30103262;Avenida Caqueta;331611056;331611041;36;7;0.0828289;30;28;1000000;-12.0368677;-77.0434465;-12.0361259;-77.0435159
327;33238033;Aparicio Gemoz Sanchez;377084448;377084330;21;88;0.0747654;40;19;0.0018691;-12.1268207;-77.0094493;-12.126728;-77.01013
328;33238033;Aparicio Gemoz Sanchez;377084330;377084323;21;78;0.0678297;40;17;0.0016957;-12.126728;-77.01013;-12.1266441;-77.010748
329;33238033;Aparicio Gemoz Sanchez;377084323;1273501869;21;75;0.071407;40;18;0.0017852;-12.1266441;-77.010748;-12.1265484;-77.0113975
330;33587110;Alameda San Marcos;1273803512;2146302509;3;29;0.1181989;40;30;0.002955;-12.2019313;-77.0049968;-12.2027863;-77.0043506
331;33587110;Alameda San Marcos;2146302509;1273889301;3;1;0.0977378;40;25;0.0024434;-12.2027863;-77.0043506;-12.2034857;-77.003806
332;33587110;Alameda San Marcos;1273889301;383788319;3;37;0.318717;40;80;0.0079679;-12.2034857;-77.003806;-12.205966;-77.0023364
333;33587110;Alameda San Marcos;383788319;383788353;3;85;0.474349;40;119;0.0118587;-12.205966;-77.0023364;-12.2085617;-76.9991114
334;33750230;Avenida Thomas Marsano;377021391;386115129;67;97;0.0105511;40;3;0.0002638;-12.1223669;-77.0058042;-12.1222935;-77.0058657
335;33750230;Avenida Thomas Marsano;386115129;386115157;67;101;0.0199195;40;5;0.000498;-12.1222935;-77.0058657;-12.1221395;-77.0059593
336;33750230;Avenida Thomas Marsano;386115157;386115701;67;27;0.1179057;40;30;0.0029476;-12.1221395;-77.0059593;-12.1212508;-77.0065509
337;33750230;Avenida Thomas Marsano;386115701;386115703;67;30;0.1224434;40;31;0.0030611;-12.1212508;-77.0065509;-12.1203194;-77.0071517
338;33750851;Arias Schreiber;386126996;386127008;22;40;0.1385515;40;35;0.0034638;-12.1227178;-77.0108753;-12.1220857;-77.0115621
339;33750851;Arias Schreiber;386127008;386127017;22;54;0.0793219;40;20;0.001983;-12.1220857;-77.0115621;-12.1213724;-77.0115621
340;33750851;Arias Schreiber;386127017;386127033;22;64;0.0790467;40;20;0.0019762;-12.1213724;-77.0115621;-12.121087;-77.0109184
341;33751740;Avenida La Merced;263630424;263617512;50;31;0.0183412;60;4;1000000;-12.1275231;-77.0095502;-12.1276826;-77.0095932
342;33751740;Avenida La Merced;371265083;1273690176;50;76;0.2126479;60;36;1000000;-12.1363097;-77.0102156;-12.1352812;-77.0097747
343;33751740;Avenida La Merced;1273690176;386138237;50;48;0.0644648;60;11;1000000;-12.1352812;-77.0097747;-12.1347195;-77.0096279
344;33751740;Avenida La Merced;386138237;386138111;50;44;0.01454;60;3;1000000;-12.1347195;-77.0096279;-12.1345937;-77.0095914
345;33751740;Avenida La Merced;386138111;386137832;50;32;0.0755896;60;13;1000000;-12.1345937;-77.0095914;-12.1339343;-77.0094248
346;33752138;Augusto Angulo;386146220;263923327;26;16;0.0370279;40;10;0.0009257;-12.1252913;-77.0156476;-12.1253093;-77.0159877
347;33752138;Augusto Angulo;263923327;263923326;26;37;0.143747;40;36;0.0035937;-12.1253093;-77.0159877;-12.1253429;-77.0173095
348;33752138;Augusto Angulo;263923326;262573990;26;10;0.085561;40;22;0.002139;-12.1253429;-77.0173095;-12.1253365;-77.0180965
349;33784606;Avenida  Caminos del Inca;442759995;1414370601;33;69;0.0090766;60;2;1000000;-12.1477533;-76.9859702;-12.1476817;-76.9859301
350;33784606;Avenida  Caminos del Inca;1414370601;702966649;33;47;0.0511791;60;9;1000000;-12.1476817;-76.9859301;-12.1472541;-76.9857559
351;33784606;Avenida  Caminos del Inca;702966649;1414370579;33;80;0.0590188;60;10;1000000;-12.1472541;-76.9857559;-12.146733;-76.9856541
352;34113297;Avenida  Guardia Civil;316627746;1666723083;86;30;0.0186564;60;4;1000000;-12.0982594;-77.012772;-12.0984256;-77.0127955
353;34113297;Avenida  Guardia Civil;1666723083;419482881;86;72;0.1465461;60;25;1000000;-12.0984256;-77.0127955;-12.0996846;-77.0131757
354;34113297;Avenida  Guardia Civil;419482881;1273464195;86;88;0.089743;60;15;1000000;-12.0996846;-77.0131757;-12.1004259;-77.0135016
355;34113297;Avenida  Guardia Civil;1273464195;419482951;86;31;0.1779368;60;30;1000000;-12.1004259;-77.0135016;-12.1018425;-77.0142628
356;34113342;Avenida Galvez Barrenechea Avenida  Principal;1689204395;316627728;46;76;0.1561768;60;27;1000000;-12.0979796;-77.0123378;-12.0967474;-77.0126628
357;34113342;Avenida Galvez Barrenechea Avenida  Principal;316627728;1273679822;46;7;0.0323605;60;6;1000000;-12.0967474;-77.0126628;-12.0964634;-77.0127278
358;34113342;Avenida Galvez Barrenechea Avenida  Principal;1273679822;485613200;46;35;0.0614616;60;11;1000000;-12.0964634;-77.0127278;-12.0959221;-77.0128422
359;34113342;Avenida Galvez Barrenechea Avenida  Principal;485613303;485613304;46;25;0.1643792;60;28;1000000;-12.094858;-77.0130735;-12.093412;-77.0133878
360;34188007;Avenida  de la Floresta;1273737949;392148615;37;97;0.4990813;60;84;1000000;-12.1074408;-76.9884995;-12.1031962;-76.9893297
361;34188007;Avenida  de la Floresta;392148625;392148624;37;36;0.1912524;60;32;1000000;-12.1046823;-76.9889312;-12.1063977;-76.988803
362;34188007;Avenida  de la Floresta;392148624;392148623;37;12;0.1169873;60;20;1000000;-12.1063977;-76.988803;-12.1074426;-76.9886774
363;34188007;Avenida  de la Floresta;392148623;392148621;37;91;0.0280011;60;5;1000000;-12.1074426;-76.9886774;-12.1076658;-76.9885624
364;34188007;Avenida  de la Floresta;392148621;392148563;37;70;0.089278;60;15;1000000;-12.1076658;-76.9885624;-12.1079905;-76.9878446
365;34188007;Avenida  de la Floresta;392148691;392148625;37;8;0.1673838;40;42;1000000;-12.1033696;-76.9894221;-12.1046823;-76.9889312
366;34188355;Angamos Oeste;392151336;1273511155;19;93;0.0903229;40;23;1000000;-12.1122086;-76.9999612;-12.1118208;-76.9993083
367;34188355;Angamos Oeste;1273511155;392151330;19;17;0.2166095;40;55;1000000;-12.1118208;-76.9993083;-12.111689;-76.9973205
368;34188355;Angamos Oeste;392151330;1273610964;19;92;0.1438833;40;36;1000000;-12.111689;-76.9973205;-12.111582;-76.9960016
369;34188355;Angamos Oeste;1273610964;474021515;19;4;0.0483086;40;13;1000000;-12.111582;-76.9960016;-12.1115523;-76.9955583
370;34188355;Angamos Oeste;474021515;392149755;19;93;0.1521414;40;39;1000000;-12.1115523;-76.9955583;-12.1114624;-76.994162
371;34188461;Avenida  Principal;392153167;392153247;95;48;0.2132166;60;36;1000000;-12.0899108;-77.0144352;-12.0917488;-77.0138944
372;34188461;Avenida  Principal;392153247;791160081;95;69;0.0038598;60;1;1000000;-12.0917488;-77.0138944;-12.0917833;-77.0138905
373;34188461;Avenida  Principal;791160081;263933814;95;28;0.0224762;60;4;1000000;-12.0917833;-77.0138905;-12.0919842;-77.0138677
374;34188651;Avenida  del Aire;471611654;392154284;38;21;0.0508022;60;9;1000000;-12.0742027;-76.9918648;-12.0746349;-76.9918693
375;34188651;Avenida  del Aire;392154284;392154288;38;10;0.2698905;60;45;1000000;-12.0746349;-76.9918693;-12.0755818;-76.9941445
376;34188651;Avenida  del Aire;392154288;392154289;38;56;0.1576172;60;27;1000000;-12.0755818;-76.9941445;-12.0762757;-76.9954085
377;34188651;Avenida  del Aire;392154289;392154290;38;69;0.0117987;60;2;1000000;-12.0762757;-76.9954085;-12.0763282;-76.9955028
378;34188651;Avenida  del Aire;392154290;1840019213;38;9;0.0687345;60;12;1000000;-12.0763282;-76.9955028;-12.076625;-76.9960573
379;34188687;Avenida  El Derby;391038718;392154379;40;10;0.1161682;60;20;1000000;-12.0985217;-76.9767434;-12.0984097;-76.9756811
380;34188687;Avenida  El Derby;392154379;393867269;40;3;0.2545046;60;43;1000000;-12.0984097;-76.9756811;-12.0980801;-76.9733647
381;34188687;Avenida  El Derby;393867269;392154423;40;40;0.0149992;60;3;1000000;-12.0980801;-76.9733647;-12.098066;-76.9732275
382;34188716;Avenida  El Polo;392154700;392154701;41;44;0.0818954;60;14;1000000;-12.0904344;-76.9671186;-12.0911706;-76.9671402
383;34188716;Avenida  El Polo;392154701;392154702;41;105;0.061861;60;11;1000000;-12.0911706;-76.9671402;-12.0917256;-76.9671795
384;34188716;Avenida  El Polo;392154702;419484638;41;69;0.1070088;60;18;1000000;-12.0917256;-76.9671795;-12.0926726;-76.9673546
385;34188716;Avenida  El Polo;419484638;1273954830;41;29;0.0656162;60;11;1000000;-12.0926726;-76.9673546;-12.0932549;-76.9674524
386;34188719;Avenida El Golf de los Incas;392154858;392154864;43;15;0.16795;60;28;1000000;-12.0971089;-76.9697374;-12.0959655;-76.9688898
387;34188719;Avenida El Golf de los Incas;392154864;392154869;43;20;0.122742;60;21;1000000;-12.0959655;-76.9688898;-12.0951629;-76.9681227
388;34188719;Avenida El Golf de los Incas;392154869;392154870;43;81;0.0365318;60;7;1000000;-12.0951629;-76.9681227;-12.0948581;-76.9679973
389;34188719;Avenida El Golf de los Incas;392154870;392154876;43;32;0.1328819;60;23;1000000;-12.0948581;-76.9679973;-12.093847;-76.9674175
390;34334532;Avenida  Encalada;1840977040;392154405;84;91;0.331656;60;56;1000000;-12.1018899;-76.9702179;-12.0991151;-76.9690991
391;34334532;Avenida  Encalada;392154405;392154435;84;24;0.0121302;60;3;1000000;-12.0991151;-76.9690991;-12.0990144;-76.9690562
392;34334532;Avenida  Encalada;392154435;393863548;84;32;0.1466489;60;25;1000000;-12.0990144;-76.9690562;-12.0977961;-76.9694531
393;34334993;Avenida  Manuel Olguin;393867415;1273784875;91;41;0.3865678;60;65;1000000;-12.0840071;-76.9733764;-12.0874511;-76.973493
394;34334993;Avenida  Manuel Olguin;1273784875;392154382;91;19;1.1768436;60;197;1000000;-12.0874511;-76.973493;-12.0979737;-76.9733906
395;34334993;Avenida  Manuel Olguin;392154382;393867269;91;78;0.0121614;60;3;1000000;-12.0979737;-76.9733906;-12.0980801;-76.9733647
396;34334993;Avenida  Manuel Olguin;393867268;393867099;91;61;0.1082837;60;19;1000000;-12.099527;-76.973133;-12.1004901;-76.9729869
397;34335020;Avenida  Las Palmeras;471061772;471061771;90;6;0.0251331;60;5;1000000;-12.0729107;-76.9739572;-12.0730195;-76.9737546
398;34335020;Avenida  Las Palmeras;471061771;393867586;90;1;0.0158979;60;3;1000000;-12.0730195;-76.9737546;-12.0730943;-76.97363
399;34335020;Avenida  Las Palmeras;393867586;393867584;90;30;0.1956215;60;33;1000000;-12.0730943;-76.97363;-12.0744473;-76.9724805
400;34335020;Avenida  Las Palmeras;393867584;1707739480;90;90;0.0730298;60;13;1000000;-12.0744473;-76.9724805;-12.0749595;-76.9720601
401;34335020;Avenida  Las Palmeras;1707739480;1707739489;90;46;0.0301578;60;6;1000000;-12.0749595;-76.9720601;-12.0751703;-76.9718856
402;34861547;Avenida  Canada;1840977018;1840977019;34;16;0.0131354;60;3;1000000;-12.0775591;-76.9890453;-12.0776268;-76.9891443
403;34861547;Avenida  Canada;1840977019;392154278;34;14;0.0292817;60;5;1000000;-12.0776268;-76.9891443;-12.0777842;-76.9893602
404;34861547;Avenida  Canada;392154278;1757230818;34;5;0.0585468;60;10;1000000;-12.0777842;-76.9893602;-12.0781106;-76.9897827
405;34861547;Avenida  Canada;1757230818;2146361724;34;69;0.1373809;60;23;1000000;-12.0781106;-76.9897827;-12.0788555;-76.9907907
406;34861547;Avenida  Canada;2146361724;1757230933;34;34;0.1338996;60;23;1000000;-12.0788555;-76.9907907;-12.0795816;-76.9917731
407;34861547;Avenida  Canada;1757230933;1757230951;34;35;0.0725296;60;13;1000000;-12.0795816;-76.9917731;-12.0799797;-76.9923015
408;35069336;Alfredo Franco;411309446;390998532;11;101;0.0167024;40;5;0.0004176;-12.128417;-76.9960302;-12.1285672;-76.9960287
409;35069336;Alfredo Franco;390998532;390689650;11;68;0.0817398;40;21;0.0020435;-12.1285672;-76.9960287;-12.1292978;-76.9959456
410;35069336;Alfredo Franco;390689650;390998619;11;75;0.1032458;40;26;0.0025811;-12.1292978;-76.9959456;-12.1301719;-76.996183
411;35069336;Alfredo Franco;390998619;390998623;11;38;0.0960127;40;25;0.0024003;-12.1301719;-76.996183;-12.1305579;-76.996904
412;35069336;Alfredo Franco;390998623;390998624;11;26;0.016531;40;5;0.0004133;-12.1305579;-76.996904;-12.130516;-76.9970499
413;35069336;Alfredo Franco;390998624;390689659;11;49;0.1712837;40;43;0.0042821;-12.130516;-76.9970499;-12.1313369;-76.9983831
414;35069336;Alfredo Franco;390689659;390998749;11;51;0.0801738;40;21;0.0020043;-12.1313369;-76.9983831;-12.1317447;-76.9989913
415;35090735;Avenida  La Fontana;392155819;1042062060;88;40;0.0727656;60;13;1000000;-12.0760691;-76.9580209;-12.0754477;-76.9578188
416;35090735;Avenida  La Fontana;1042062060;411672094;88;8;0.2854219;60;48;1000000;-12.0754477;-76.9578188;-12.0741821;-76.9556713
417;35090735;Avenida  La Fontana;411672106;411672103;88;17;0.0774432;60;13;1000000;-12.0738199;-76.9558788;-12.0742344;-76.956428
418;35090735;Avenida  La Fontana;411672103;1273840108;88;48;0.2452869;60;41;1000000;-12.0742344;-76.956428;-12.0756327;-76.958048
419;35090744;Avenida  La Universidad;411672182;411672184;89;67;0.0509267;60;9;0.0008488;-12.0770434;-76.9541135;-12.0773314;-76.9537501
420;35090744;Avenida  La Universidad;411672114;411672192;89;67;0.3509405;60;59;0.005849;-12.0739603;-76.955226;-12.0768697;-76.9540733
421;35090744;Avenida  La Universidad;411672192;1727346832;89;48;0.0208465;60;4;0.0003474;-12.0768697;-76.9540733;-12.0770244;-76.953965
422;35090744;Avenida  La Universidad;1727346832;411672184;89;20;0.0413682;60;7;0.0006895;-12.0770244;-76.953965;-12.0773314;-76.9537501
423;239202059;Avenida Miguel Angel;825406625;2470149787;55;83;0.013868;40;4;1000000;-12.0103103;-77.0570494;-12.010264;-77.056931
424;239202059;Avenida Miguel Angel;2470149787;827130987;55;74;0.0549793;40;14;1000000;-12.010264;-77.056931;-12.01008;-77.0564618
425;239202059;Avenida Miguel Angel;827130987;827131969;55;79;0.2756517;40;69;1000000;-12.01008;-77.0564618;-12.0091862;-77.0540978
426;239202059;Avenida Miguel Angel;827131969;1870265576;55;39;0.0552246;40;14;1000000;-12.0091862;-77.0540978;-12.0090244;-77.0536185
427;246935554;Alcides Vigo;2538979039;1758886630;7;49;0.0165359;60;3;1000000;-11.9945914;-77.0996732;-11.9947143;-77.0995876
428;246935554;Alcides Vigo;1758886630;2534600448;7;16;0.0328283;60;6;1000000;-11.9947143;-77.0995876;-11.9949716;-77.0994396
429;246935554;Alcides Vigo;2534600448;1359115337;7;12;0.05567;60;10;1000000;-11.9949716;-77.0994396;-11.9954067;-77.0991864
430;246935554;Alcides Vigo;1359115337;2534600450;7;24;0.1500628;60;26;1000000;-11.9954067;-77.0991864;-11.9965916;-77.098526
